agave nectar,0
amaretto liqueur,0
angostura bitters,0
apple juice,0
apricot,0
banana,0
berries,0
blackberries,0
blueberries,0
bourbon,0
brandy,0
cantaloupe,0
cardamom,0
champagne,0
cherries,0
club soda,0
coconut,0
coconut extract,0
cognac,0
cranberries,0
cranberry juice,0
crï¿½me fraiche,0
dates,0
double cream,0
fig,0
fruit,0
gelatin,0
gin,0
ginger ale,0
goji berries,0
grand mariner,0
grapefruit,0
grapefruit juice,0
grapes,0
grenadine,0
ice,0
juniper berries,0
lemon lime soda,0
macadamia nuts,0
madeira,0
mandarin,0
mango nectar,0
maple syrup,0
nectarine,0
nuts,0
orange liqueur,0
orange marmalade,0
papaya,0
peach,0
pear,0
pineapple,0
pineapple juice,0
pistachios,0
plum,0
pomegranate juice,0
pomegranate molasses,0
pomegranate seeds,0
port,0
potato starch,0
prune,0
raspberries,0
rhubarb,0
rum,0
simple syrup,0
strawberries,0
sweetener,0
tequila,0
triple sec,0
vanilla bean,0
vanilla yogurt,0
vermouth,0
vodka,0
walnut oil,0
watermelon,0
ameri cheese,1
avocado,1
bacon,1
barbeque sauce,1
beans,1
beef,1
beer,1
biscuit baking mix,1
black beans,1
black eyed peas,1
bread crumbs,1
broccoli,1
cabbage,1
cajun seasoning,1
caraway seeds,1
cauliflower,1
celery salt,1
celery seeds,1
cheddar,1
cheese blend,1
chickpeas,1
chili powder,1
chorizo,1
corn,1
corn kernels,1
cornflakes,1
cottage cheese,1
crabmeat,1
crackers,1
cranberry sauce,1
cream of celery soup,1
cream of chicken soup,1
cream of mushroom soup,1
creole seasoning,1
garlic powder,1
green beans,1
green peas,1
hamburger buns,1
horseradish,1
hot sauce,1
italian salad dressing,1
jalapeno,1
ketchup,1
kidney beans,1
lard,1
lemon pepper seasoning,1
lentil,1
lettuce,1
lima beans,1
macaroni,1
mayonnaise,1
mixed vegetables,1
monterrey jack,1
mushroom,1
okra,1
onion powder,1
onion soup,1
oregano,1
panko bread crumbs,1
paprika,1
peas,1
pepperjack cheese,1
pinto beans,1
potato,1
poultry seasoning,1
red potato,1
refried beans,1
salsa,1
sauerkraut,1
seafood seasoning,1
steak sauce,1
taco seasoning mix,1
tomato juice,1
tomato sauce,1
tomato soup,1
torilla chips,1
tuna,1
turkey,1
venison,1
worcestershire sauce,1
zucchini,1
active dry yeast,2
allspice,2
almonds,2
apple,2
apple cider vinegar,2
baking powder,2
baking soda,2
balsamic vinegar,2
basil,2
bay leaf,2
bell pepper,2
brown sugar,2
butter,2
buttermilk,2
carrot,2
cayenne pepper,2
celery,2
cheese,2
chicken,2
chicken broth,2
chives,2
cilantro,2
cilantro seeds,2
cinnamon,2
clove,2
coconut milk,2
cornmeal,2
cornstarch,2
cream,2
cream cheese,2
cumin,2
curry powder,2
dill,2
egg,2
fennel seeds,2
flour,2
garlic,2
ginger,2
heavy cream,2
honey,2
lemon,2
lemon juice,2
lemon zest,2
lime,2
lime juice,2
lime zest,2
mango,2
margarine,2
milk,2
mint,2
mustard,2
nutmeg,2
oil,2
olive oil,2
onion,2
orange,2
orange juice,2
orange zest,2
parsley,2
pecan,2
pepper,2
pine nuts,2
pork,2
raisins,2
red onion,2
red pepper flakes,2
red wine,2
red wine vinegar,2
rice,2
salt,2
salt and pepper,2
sesame seeds,2
shallot,2
sherry,2
shrimp,2
sour cream,2
soy sauce,2
spinach,2
spring onion,2
sugar,2
sweet potato,2
thyme,2
tomato,2
tomato paste,2
vegetable broth,2
vegetable oil,2
vinegar,2
walnuts,2
water,2
whipped cream,2
white wine,2
white wine vinegar,2
yogurt,2
almond butter,3
almond flour,3
almond milk,3
apple sauce,3
bread flour,3
brown rice,3
cashew,3
chia seeds,3
coconut oil,3
corn oil,3
corn tortillas,3
creamy salad dressing,3
dried chile,3
egg noodles,3
egg substitute powder,3
fish,3
flax seeds,3
flour tortillas,3
ghee,3
liquid smoke,3
milk powder,3
molasses,3
mustard powder,3
oat bran,3
peanut butter,3
peanuts,3
pickels,3
popcorn,3
poppy seeds,3
pumpkin,3
pumpkin seeds,3
quinoa,3
ranch dressing,3
relish,3
rice flour,3
rice krispies,3
rice wine,3
rye flour,3
soy milk,3
sunflower seeds,3
tahini,3
teriyaki sauce,3
tofu,3
tomatillo,3
wheat germ,3
wheat gluten,3
wholemeal flour,3
wonton wrappers,3
xanthan gum,3
almond extract,4
almond paste,4
apricot jam,4
butterscotch chips,4
cake,4
cake flour,4
cherry pie filling,4
chocolate,4
chocolate cake mix,4
chocolate chips,4
chocolate pudding,4
chocolate syrup,4
chopped nuts,4
cocoa powder,4
coffee,4
coffee liqueur,4
condensed milk,4
confectioner's sugar,4
corn syrup,4
cream of tartar,4
currants,4
egg white,4
eggnog,4
evaporated milk,4
frosting,4
glaze,4
golden syrup,4
graham crackers,4
greek yogurt,4
green food coloring,4
hazelnut,4
icing,4
lemon extract,4
mace,4
maraschino cherries,4
marshmallow,4
mascarpone,4
milk chocolate,4
milk chocolate chip,4
oats,4
orange extract,4
peppermint extract,4
phyllo dough,4
pie dough,4
pork ,4
puff pastry,4
pumpkin pie spice,4
pumpkin puree,4
raspberry jam,4
red food coloring,4
ricotta,4
salted butter,4
shortening,4
shortnening,4
strawberry jam,4
tapioca,4
vanilla,4
vanilla extract,4
vanilla ice cream,4
vanilla pudding,4
vanilla wafers,4
whipping cream,4
white cake,4
white chocolate,4
white chocolate chips,4
yellow cake,4
acorn squash,5
anchovy paste,5
angel hair pasta,5
arborio rice,5
artichoke heart,5
asiago cheese,5
barley,5
beef broth,5
blue cheese,5
bread,5
broccoli rabe,5
bulgur,5
butternut squash,5
cannellini beans,5
croutons,5
escarole,5
feta,5
fettucine,5
fontina cheese,5
goat cheese,5
gouda,5
gruyere,5
ham,5
italian bread,5
kale,5
lasagna noodles,5
marjoram,5
marsala wine,5
mozzarella,5
olives,5
orzo,5
pancetta,5
parmesan,5
pasta,5
pecorino,5
penne,5
pepperoni,5
pesto,5
pizza dough,5
provolone,5
rosemary,5
rotini,5
sage,5
sausage,5
savory,5
sourdough bread,5
spaghetti,5
spaghetti sauce,5
spaghetti squash,5
sun dried tomato,5
swiss chard,5
white beans,5
wild rice,5
yellow squash,5
anchovy,6
artichoke,6
arugula,6
asparagus,6
baby carrot,6
baguette,6
beets,6
brussel sprout,6
capers,6
cardamom pods,6
celery leaves,6
clam juice,6
clams,6
cod,6
couscous,6
eggplant,6
fennel,6
fish stock,6
grapeseed oil,6
greens,6
halibut,6
herb,6
lamb,6
leek,6
linguine,6
malt vinegar,6
mussels,6
mustard seeds,6
oyster,6
parsnip,6
radicchio,6
saffron,6
salmon,6
savoy cabbage,6
scallops,6
sherry vinegar,6
squash,6
squid,6
star anise,6
sunflower oil,6
tarragon,6
turnips,6
watercress,6
bean sprouts,7
bok choy,7
chestnuts,7
cucumber,7
curry leaves,7
dressing,7
fish sauce,7
five spice,7
five spice powder,7
flank steak,7
fresh chile,7
garam masala,7
hoisin sauce,7
japaleno,7
jasmine,7
jicama,7
kaffir lime leaves,7
lemongrass,7
napa cabbage,7
oyster sauce,7
peanut oil,7
radish,7
red cabbage,7
rice vinegar,7
rice wine vinegar,7
sake,7
sesame oil,7
snow peas,7
sugar snap peas,7
tamarind paste,7
turmeric,7
water chestnuts,7