almonds,0
amaretto liqueur,0
angostura bitters,0
apricot,0
bacon,0
balsamic vinegar,0
barbeque sauce,0
beans,0
beer,0
butter,0
celery leaves,0
chives,0
chocolate,0
chocolate chips,0
cocoa powder,0
coconut extract,0
coconut milk,0
condensed milk,0
couscous,0
creamy salad dressing,0
curry powder,0
double cream,0
dried chile,0
egg,0
five spice powder,0
garlic,0
garlic powder,0
gelatin,0
ghee,0
graham crackers,0
grapeseed oil,0
green peas,0
honey,0
hot sauce,0
icing,0
lemon pepper seasoning,0
lime,0
lime juice,0
maple syrup,0
mussels,0
mustard,0
parsley,0
parsnip,0
peanut butter,0
peanuts,0
penne,0
pepperoni,0
pineapple juice,0
potato starch,0
pumpkin pie spice,0
raisins,0
red onion,0
red pepper flakes,0
rhubarb,0
rice flour,0
rice wine vinegar,0
rye flour,0
salt and pepper,0
savory,0
sesame oil,0
shortening,0
spaghetti sauce,0
steak sauce,0
sun dried tomato,0
tahini,0
tamarind paste,0
tofu,0
tomato sauce,0
turkey,0
turnips,0
vanilla bean,0
vanilla wafers,0
water,0
whipped cream,0
wholemeal flour,0
worcestershire sauce,0
zucchini,0
anchovy paste,1
angel hair pasta,1
artichoke heart,1
arugula,1
baking powder,1
basil,1
bay leaf,1
bean sprouts,1
beets,1
black eyed peas,1
blue cheese,1
blueberries,1
bok choy,1
bread,1
broccoli,1
broccoli rabe,1
brown sugar,1
butterscotch chips,1
cajun seasoning,1
celery salt,1
chia seeds,1
chicken broth,1
clove,1
coffee,1
confectioner's sugar,1
corn kernels,1
cranberries,1
currants,1
dates,1
eggplant,1
escarole,1
fennel,1
five spice,1
flax seeds,1
flour,1
garam masala,1
glaze,1
green food coloring,1
japaleno,1
jicama,1
kidney beans,1
leek,1
lemon extract,1
lemon zest,1
lemongrass,1
lima beans,1
macadamia nuts,1
mango,1
margarine,1
marsala wine,1
mascarpone,1
mayonnaise,1
mint,1
mushroom,1
oil,1
onion,1
orange zest,1
papaya,1
paprika,1
parmesan,1
pie dough,1
pomegranate juice,1
poppy seeds,1
pork,1
provolone,1
prune,1
pumpkin,1
ranch dressing,1
red food coloring,1
ricotta,1
rosemary,1
sausage,1
savoy cabbage,1
seafood seasoning,1
sugar,1
sugar snap peas,1
sunflower oil,1
tarragon,1
tomato juice,1
vanilla extract,1
wheat gluten,1
whipping cream,1
yellow squash,1
allspice,2
asparagus,2
baby carrot,2
baguette,2
berries,2
biscuit baking mix,2
bourbon,2
brandy,2
bread flour,2
brown rice,2
brussel sprout,2
cannellini beans,2
caraway seeds,2
champagne,2
cheddar,2
cheese blend,2
chicken,2
chocolate cake mix,2
cinnamon,2
coconut,2
cognac,2
cottage cheese,2
cream cheese,2
cumin,2
egg substitute powder,2
grapefruit,2
ham,2
italian bread,2
juniper berries,2
kale,2
lard,2
lemon lime soda,2
lime zest,2
liquid smoke,2
mace,2
mandarin,2
milk,2
monterrey jack,2
mozzarella,2
nuts,2
oat bran,2
orange extract,2
oregano,2
oyster,2
oyster sauce,2
panko bread crumbs,2
pecorino,2
pepper,2
phyllo dough,2
pomegranate molasses,2
puff pastry,2
red potato,2
red wine,2
refried beans,2
rice wine,2
salt,2
sauerkraut,2
scallops,2
shortnening,2
sour cream,2
strawberries,2
sweet potato,2
tapioca,2
thyme,2
vanilla ice cream,2
vanilla yogurt,2
venison,2
vermouth,2
vodka,2
watermelon,2
wild rice,2
acorn squash,3
ameri cheese,3
apple sauce,3
bulgur,3
cantaloupe,3
capers,3
cardamom,3
carrot,3
cayenne pepper,3
cherries,3
coffee liqueur,3
cornflakes,3
cornmeal,3
crabmeat,3
cream of chicken soup,3
dill,3
fontina cheese,3
fruit,3
goat cheese,3
grapes,3
gruyere,3
horseradish,3
jalapeno,3
lamb,3
lemon juice,3
lentil,3
macaroni,3
mango nectar,3
milk chocolate,3
milk powder,3
mustard powder,3
nutmeg,3
onion soup,3
orange,3
orzo,3
pasta,3
pecan,3
pepperjack cheese,3
pesto,3
pine nuts,3
pineapple,3
pinto beans,3
pork ,3
pumpkin puree,3
raspberry jam,3
red wine vinegar,3
rice krispies,3
rice vinegar,3
rotini,3
sake,3
shrimp,3
snow peas,3
spaghetti,3
spring onion,3
star anise,3
swiss chard,3
tequila,3
tomatillo,3
tomato paste,3
vanilla,3
vinegar,3
white cake,3
yogurt,3
active dry yeast,4
almond butter,4
apple,4
apple cider vinegar,4
apple juice,4
avocado,4
baking soda,4
beef broth,4
butternut squash,4
cake flour,4
cardamom pods,4
cashew,4
celery,4
celery seeds,4
cheese,4
cilantro seeds,4
clams,4
club soda,4
cod,4
corn oil,4
corn syrup,4
cream,4
cream of celery soup,4
cream of mushroom soup,4
cream of tartar,4
creole seasoning,4
fennel seeds,4
fish stock,4
grapefruit juice,4
greek yogurt,4
hamburger buns,4
italian salad dressing,4
kaffir lime leaves,4
ketchup,4
linguine,4
marjoram,4
molasses,4
okra,4
onion powder,4
orange marmalade,4
pancetta,4
peach,4
peas,4
peppermint extract,4
pickels,4
popcorn,4
pumpkin seeds,4
radish,4
relish,4
rice,4
rum,4
salsa,4
sherry,4
sherry vinegar,4
simple syrup,4
soy milk,4
soy sauce,4
strawberry jam,4
sunflower seeds,4
tomato,4
turmeric,4
vanilla pudding,4
walnuts,4
wheat germ,4
white chocolate,4
white wine,4
yellow cake,4
agave nectar,5
almond extract,5
apricot jam,5
arborio rice,5
artichoke,5
asiago cheese,5
barley,5
beef,5
black beans,5
bread crumbs,5
cake,5
cauliflower,5
cherry pie filling,5
chestnuts,5
chickpeas,5
chorizo,5
clam juice,5
cranberry juice,5
croutons,5
crï¿½me fraiche,5
curry leaves,5
egg noodles,5
egg white,5
eggnog,5
evaporated milk,5
feta,5
fettucine,5
fig,5
fish sauce,5
fresh chile,5
frosting,5
ginger,5
ginger ale,5
golden syrup,5
gouda,5
grand mariner,5
halibut,5
herb,5
hoisin sauce,5
ice,5
lemon,5
lettuce,5
madeira,5
milk chocolate chip,5
mustard seeds,5
olive oil,5
olives,5
orange juice,5
orange liqueur,5
peanut oil,5
pistachios,5
pizza dough,5
plum,5
pomegranate seeds,5
port,5
potato,5
radicchio,5
salmon,5
salted butter,5
squid,5
sweetener,5
vegetable broth,5
walnut oil,5
white beans,5
white wine vinegar,5
wonton wrappers,5
xanthan gum,5
almond flour,6
almond milk,6
almond paste,6
anchovy,6
banana,6
bell pepper,6
blackberries,6
buttermilk,6
cabbage,6
chili powder,6
chocolate pudding,6
chocolate syrup,6
chopped nuts,6
cilantro,6
coconut oil,6
corn,6
corn tortillas,6
cornstarch,6
crackers,6
cranberry sauce,6
cucumber,6
dressing,6
fish,6
flank steak,6
flour tortillas,6
gin,6
goji berries,6
green beans,6
greens,6
grenadine,6
hazelnut,6
heavy cream,6
jasmine,6
lasagna noodles,6
malt vinegar,6
maraschino cherries,6
marshmallow,6
mixed vegetables,6
napa cabbage,6
nectarine,6
oats,6
pear,6
poultry seasoning,6
quinoa,6
raspberries,6
red cabbage,6
saffron,6
sage,6
sesame seeds,6
shallot,6
sourdough bread,6
spaghetti squash,6
spinach,6
squash,6
taco seasoning mix,6
teriyaki sauce,6
tomato soup,6
torilla chips,6
triple sec,6
tuna,6
vegetable oil,6
water chestnuts,6
watercress,6
white chocolate chips,6